{"sidebar":{"search-3":{"title":""},"mts_post_slider_widget-2":{"title":"","cat":["2"],"slides_num":3,"slider_nav":"bullets","show_title":1},"wpt_widget-2":{"tabs":{"popular":"1","recent":"1","comments":"1"},"tab_order":{"popular":"1","recent":"2","comments":"3","tags":"4"},"allow_pagination":"1","post_num":"3","comment_num":"5","show_thumb":"1","thumb_size":"small","box_layout":"horizontal-small","show_date":"1","show_excerpt":null,"excerpt_length":"10","show_comment_num":null,"show_avatar":"1"},"calendar-2":{"title":""},"single_category_posts_widget-2":{"title":"Featured Category","cat":6,"qty":3,"comment_num":1,"date":1,"show_thumb1":1,"box_layout":"horizontal-small","show_excerpt":0,"excerpt_length":10},"tag_cloud-2":{"title":"","taxonomy":"post_tag"}},"widget-header":{"mts_ad_728_widget-2":{"title":"","ad":"http:\/\/www.marketing-mojo.com\/wp-content\/uploads\/2013\/11\/linkein_ad_728x90.jpg","link":"#"}},"footer-top":{"wp_review_tab_widget-2":{"tabs":{"toprated":"1","recent":"1"},"tab_order":{"toprated":"1","recent":"2","mostvoted":"3","custom":"4"},"tab_titles":{"toprated":"Top Rated","recent":"Recent","mostvoted":"Most Voted","custom":"Editor's choice"},"review_type":"any","allow_pagination":"1","post_num":"2","thumb_size":"small","box_layout":"horizontal-small","show_date":"1","custom_reviews":""}},"footer-top-2":{"mts_post_slider_widget-3":{"title":"Featured Posts","cat":["2"],"slides_num":3,"slider_nav":"arrows","show_title":1}},"footer-top-3":{"social-profile-icons-2":{"title":"Connect With Us","facebook":"#","behance":"#","flickr":"#","gplus":"#","pinterest":"#","instagram":"#","dribbble":"#","linkedin":"#","soundcloud":"","twitter":"#","vimeo":"#","stumbleupon":"#","tumblr":"#","github":"","youtube":"#","foursquare":"#","reddit":"#","dropbox":"","skype":"","email":"#","rss":"#"},"mts_subscribe_widget-2":{"title":"","desc":""}},"orphaned_widgets_1":{"search-2":{"title":""},"recent-posts-2":{"title":"","number":5},"recent-comments-2":{"title":"","number":5},"archives-2":{"title":"","count":0,"dropdown":0},"categories-2":{"title":"","count":0,"hierarchical":0,"dropdown":0},"meta-2":{"title":""}}}